min_score,customers,lift
57.85417608676358,5.0,344.0
50.248697796076236,9.0,310.0
45.51866542673841,13.0,291.0
40.899852886354225,18.0,268.0
36.27472561160342,24.0,242.0
31.751215805697967,31.0,217.0
26.749829064804047,40.0,189.0
21.4867045612947,54.0,157.0
15.273170699224082,72.0,130.0
0.0,100.0,100.0
