min_score,specificity,sensitivity
57.85417608676358,2.0,16.0
50.248697796076236,5.0,28.0
45.51866542673841,7.0,37.0
40.899852886354225,11.0,47.0
36.27472561160342,16.0,56.0
31.751215805697967,22.0,66.0
26.749829064804047,32.0,76.0
21.4867045612947,47.0,84.0
15.273170699224082,67.0,94.0
0.0,100.0,100.0
