Test,Your Hypothesis,Random
Precision,0.4499890,0.2704659
Recall,0.3277946,0.2027307
F1,0.2141490,0.1208495